mep_id,date,occupation,activity,first_name,last_name,country,eugroup
96764,occupation,EP,4,Hermann,WINKLER,Germany,PPE
96764,membership,DFB,0,Hermann,WINKLER,Germany,PPE
96764,membership,NOFV,0,Hermann,WINKLER,Germany,PPE
96764,membership,Sächsischer FV,0,Hermann,WINKLER,Germany,PPE
28228,occupation,Mitglied     des    Europäischen  Parlaments,4,Albert,DESS,Germany,PPE
28228,membership,VORSTAND DER BÄUERLICHEN  GENOSSENSCHAFT BAYERNLAND E.G.,3,Albert,DESS,Germany,PPE
28228,membership,MITGLIED                   IM  GENOSSENSCHAFTLICHEN BEIRAT  DER   BAYWA                AG MÜNCHEN,1,Albert,DESS,Germany,PPE
28228,membership,PRÄSIDENT DES VERBANDS  BAYERISCHER BERUFSFISCHER (VBB),1,Albert,DESS,Germany,PPE
28228,membership,VEREIN NACHWACHSENDE  ROHSTOFFE (VNR),0,Albert,DESS,Germany,PPE
28228,membership,MITGLIED   IM   BEIRAT  FÜR   SPARKASSENPOLITISCHE GRUNDSATZFRAGEN        DES SPARKASSENVERBANDS BAYERN,1,Albert,DESS,Germany,PPE
125030,occupation,Boerin,3,Annie,SCHREIJER-PIERIK,Netherlands,PPE
125030,occupation,Adviseur,3,Annie,SCHREIJER-PIERIK,Netherlands,PPE
125030,occupation,Lid Parlement Nederland,3,Annie,SCHREIJER-PIERIK,Netherlands,PPE
4289,occupation,Mitglied     des    Europäischen  Parlaments,4,Angelika,NIEBLER,Germany,PPE
4289,activity,Freiberufliche Tätigkeit (Of Counsel) für  die Anwaltskanzlei Gibson| Dunn & Crutcher LLP,3,Angelika,NIEBLER,Germany,PPE
4289,membership,Mitglied des Stiftungsrates der  Alfons-Goppel-Stiftung,0,Angelika,NIEBLER,Germany,PPE
4289,membership,Vorsitzende des Aufsichtsrates des  Fa. metabion international AG (Mtl. Einkommen: € 85 vor Steuern),1,Angelika,NIEBLER,Germany,PPE
4289,membership,Mitglied des Steering Committee der  European Internet Foundation,0,Angelika,NIEBLER,Germany,PPE
4289,membership,Mitglied des Kuratoriums        der  Technischen Universtät München,0,Angelika,NIEBLER,Germany,PPE
4289,membership,Mitglied des Präsidiums         des  Wirtschaftsbeirates der Union,0,Angelika,NIEBLER,Germany,PPE
4289,membership,Mitglied des Beirates für  sparkassenpolitische Grundsat des Sparkassenverbandes Bayer (Mtl. Einkommen: unter € 300  Steuern),1,Angelika,NIEBLER,Germany,PPE
4289,membership,Mitglied des Senats der Max-  Planck-Gesellschaft zur Förderun Wissenschaften,0,Angelika,NIEBLER,Germany,PPE
4289,membership,Mitglied des Vorstandes der Hanns-  Seidel-Stiftung,0,Angelika,NIEBLER,Germany,PPE
4289,membership,Stellvertretende Präsidentin des  Stiftungsrats der SWP Stiftung Wissenschaft und Politik,0,Angelika,NIEBLER,Germany,PPE
4289,membership,Mitglied des Aufsichtsrates der  LVM Krankenversicherungs-AG,2,Angelika,NIEBLER,Germany,PPE
4289,membership,Mitglied des Kuratoriums der TÜV  SÜD Stiftung,3,Angelika,NIEBLER,Germany,PPE
4289,membership,Mitglied des Kuratoriums des  ifo Instituts - Leibniz-Institut  Wirtschaftsforschung an der Unive München,0,Angelika,NIEBLER,Germany,PPE
38398,occupation,Lid Europees Parlement,3,Esther,de LANGE,Netherlands,PPE
38398,membership,Lid Stichting Schnitorgel Zwolle,0,Esther,de LANGE,Netherlands,PPE
38398,membership,Lid Werkveldcommissie          Zuyd  Hogeschool,0,Esther,de LANGE,Netherlands,PPE
38398,membership,Bestuurslid     Vrienden   van     de  Talenacademie,0,Esther,de LANGE,Netherlands,PPE
96761,occupation,Europaabgeordneter,4,Axel,VOSS,Germany,PPE
96761,membership,Mitglied der Mittelstands- und  Wirtschaftsvereinigung der CDU/CSU,0,Axel,VOSS,Germany,PPE
96761,membership,Mitglied der Kommunalpolitischen  Vereinigung der CDU und CSU Deutschlands,0,Axel,VOSS,Germany,PPE
96761,membership,Mitglied     des  Evangelischen  Arbeitskreises der CDU/CSU,0,Axel,VOSS,Germany,PPE
96761,membership,Mitglied der Stiftung Christlich-  Soziale Politik e.V.,0,Axel,VOSS,Germany,PPE
96761,membership,Vorsitzender der Europa-Union  Deutschland| Kreisverband Bonn/ Rhein-Sieg e.V.,0,Axel,VOSS,Germany,PPE
96761,membership,Vizepräsident   des    Mérite  Européen Freundes- und Förderkreises Deutschland e.V.,0,Axel,VOSS,Germany,PPE
96761,membership,Senator der SME              Europe|  Mittelstands-                      und Wirtschaftsvereinigung              der Europäischen Volkspartei,0,Axel,VOSS,Germany,PPE
96761,membership,Stellvertretender Vorsitzender des  Mid-Atlantik Club Bonn e.V.,0,Axel,VOSS,Germany,PPE
96761,membership,Mitglied der European Logistics  Platform,0,Axel,VOSS,Germany,PPE
96761,membership,Mitglied im cnetz – Verein für  Netzpolitik e.V.,0,Axel,VOSS,Germany,PPE
96761,membership,Mitglied der Deutsch-Australischen  Juristenvereinigung e.V.,0,Axel,VOSS,Germany,PPE
96761,membership,Mitglied der Partnerschaft Bonn-  Cape Coast (Ghana) e.V.,0,Axel,VOSS,Germany,PPE
96761,membership,Mitglied des Weißen Rings e.V.|  Fachbeirat Europa und Internationale,0,Axel,VOSS,Germany,PPE
185341,occupation,Veleposlanica,3,Željana,ZOVKO,Croatia,PPE
185341,occupation,Član državnog povjerenstva za  UNESCO,1,Željana,ZOVKO,Croatia,PPE
2002,occupation,Embajador Jefe de la Delegación                                                                        10000 de la UE en Argentina (septiembre 2015 - enero 2017) (El múltiplo más próximo a 10.000 euros),5,José Ignacio,SALAFRANCA SÁNCHEZ-NEYRA,Spain,PPE
2002,occupation,Asesoría       Relaciones  Internacionales (fin 2014 - agosto 2015),4,José Ignacio,SALAFRANCA SÁNCHEZ-NEYRA,Spain,PPE
2002,occupation,Diputado al PE (1994 - 2014),4,José Ignacio,SALAFRANCA SÁNCHEZ-NEYRA,Spain,PPE
2002,occupation,Vicp. Secc. Española Mov.  Europeo,0,José Ignacio,SALAFRANCA SÁNCHEZ-NEYRA,Spain,PPE
2002,occupation,Patrono       Fundación       Euro-  América,0,José Ignacio,SALAFRANCA SÁNCHEZ-NEYRA,Spain,PPE
2002,membership,Fundación Euro-América,0,José Ignacio,SALAFRANCA SÁNCHEZ-NEYRA,Spain,PPE
2002,membership,Secc. Española del Consejo Federal  del Movimiento Europeo,0,José Ignacio,SALAFRANCA SÁNCHEZ-NEYRA,Spain,PPE
185340,occupation,Stručni savjetnik u tvrtki koja se  bavi javnim prijevozom,2,Ivica,TOLIĆ,Croatia,PPE
1928,occupation,MdEP seit 1994,4,Werner,LANGEN,Germany,PPE
1928,membership,VEREIN ZUR FÖRDERUNG DER  WETTBEWERBSWIRTSCHAFT E.V.| BERLIN (VORSITZENDER),0,Werner,LANGEN,Germany,PPE
1928,membership,LUDWIG-ERHARD-STIFTUNG  (STIFTUNGSMITGLIED),0,Werner,LANGEN,Germany,PPE
1928,membership,KONRAD-ADENAUER-  STIFTUNG (STIFTUNGSMITGLIED,0,Werner,LANGEN,Germany,PPE
4246,occupation,MEP,4,Othmar,KARAS,Austria,PPE
4246,occupation,Lehrbeauftragter         Donau  Universität Krems,2,Othmar,KARAS,Austria,PPE
4246,membership,Präsident Hilfswerk Österreich,0,Othmar,KARAS,Austria,PPE
4246,membership,Obmann Bürgerforum Europa 2020,0,Othmar,KARAS,Austria,PPE
4246,membership,Ehrenprofessor Donau-Universität  Krems,0,Othmar,KARAS,Austria,PPE
4246,membership,Vorsitzender SME-Intergruppe,0,Othmar,KARAS,Austria,PPE
4246,membership,Beirat Kapitalmarktforum,0,Othmar,KARAS,Austria,PPE
4246,membership,Mitglied des Steering Committees  des European Parliamentary Financial Services Forum| Brüssel,0,Othmar,KARAS,Austria,PPE
4246,membership,Beirat Europäisches Zentrum für E-  Commerce und Internet Recht,0,Othmar,KARAS,Austria,PPE
28224,occupation,Europaabgeordneter,4,Markus,PIEPER,Germany,PPE
28224,membership,Stellvertretender Vorsitzender des  Deutschland- und Europapolitischen Bildungswerks       NRW       (DEPD)| Tecklenburg,0,Markus,PIEPER,Germany,PPE
28224,membership,Mitglied     im     Kuratorium  des     Max-Planck-Instituts     für Stammzellenforschung|     Universitä Münster,0,Markus,PIEPER,Germany,PPE
28224,membership,Lehrauftrag        Europäische  Regionalpolitik| Universität Münster,1,Markus,PIEPER,Germany,PPE
125016,occupation,Stadträtin Stadt Salzburg                                                                           10000,5,Claudia,SCHMIDT,Austria,PPE
96876,occupation,Député européen,3,Frank,ENGEL,Luxembourg,PPE
96876,membership,Administrateur de GSG (Global Strategies  Group),2,Frank,ENGEL,Luxembourg,PPE
28165,occupation,MEP,4,Lambert,van NISTELROOIJ,Netherlands,PPE
28165,membership,PRISMA      (Verstandelijk  Gehandicapten;  voorz.Raad     van Toezicht),2,Lambert,van NISTELROOIJ,Netherlands,PPE
28165,membership,K4I (Knowledge4Innovation),0,Lambert,van NISTELROOIJ,Netherlands,PPE
28165,membership,Vughterstede      (Verpleging|  verzorging; Lid Raad van Toezicht),2,Lambert,van NISTELROOIJ,Netherlands,PPE
4282,occupation,Mitglied     des    Europaïschen  Parlaments,4,Renate,SOMMER,Germany,PPE
4282,membership,MAX-PLANCK-INSTITUT FÜR  ZÜCHTUNGSFORSCHUNG| KÖLN: MITGLIED DES KURATORIUMS (EHRENAMT OHNE VERGÜTUNG),0,Renate,SOMMER,Germany,PPE
4282,membership,BIERCLUB DES EUROPÄISCHEN  PARLAMENTS|       PRÄSIDENTIN (EHRENAMT OHNE VERGÜTUNG),0,Renate,SOMMER,Germany,PPE
23821,occupation,Európai parlamenti képviselő,4,József,SZÁJER,Hungary,PPE
23821,membership,Batthyány       Lajos    Alapítvány  kuratóriumi tag,0,József,SZÁJER,Hungary,PPE
23821,membership,Bibó István Szakkollégiumért  Alapítvány Tanácsadó Testület| t,0,József,SZÁJER,Hungary,PPE
125104,occupation,Poslanka,4,Romana,TOMC,Slovenia,PPE
125104,occupation,direktorica javnega sklada,3,Romana,TOMC,Slovenia,PPE
125104,membership,Predsednica dobrodelne ustanove za  štipendiranje Ivana Cankarja,0,Romana,TOMC,Slovenia,PPE
96779,occupation,Member of the European  Parliament,4,Danuta Maria,HÜBNER,Poland,PPE
96779,occupation,Member of the Advisory Board  of the European Policy Center,0,Danuta Maria,HÜBNER,Poland,PPE
96779,occupation,Member of the Advisory Board  of the Institute of Public Affai,0,Danuta Maria,HÜBNER,Poland,PPE
96779,occupation,Member of the European  Council on Foreign Relatio (ECFR),0,Danuta Maria,HÜBNER,Poland,PPE
96779,occupation,Member of the Board of  Directors of the Center fo European Policy Studies,0,Danuta Maria,HÜBNER,Poland,PPE
96779,occupation,Member of the Board of  the European Financial Ser Forum in the EP,0,Danuta Maria,HÜBNER,Poland,PPE
96779,occupation,Member of the Knowledge for  innovation forum in the EP,0,Danuta Maria,HÜBNER,Poland,PPE
96779,occupation,Member of the European Internet  Foundation (EIF),0,Danuta Maria,HÜBNER,Poland,PPE
96779,occupation,Member of the Programming  Board of the European Forum o New Ideas,0,Danuta Maria,HÜBNER,Poland,PPE
96779,occupation,Member of the Board of  Making the Most of EU Funds Roma,0,Danuta Maria,HÜBNER,Poland,PPE
96779,occupation,Member of the Steering  Committee of the Spinelli G,0,Danuta Maria,HÜBNER,Poland,PPE
96779,occupation,Member of the Group of  Eminent Persons,0,Danuta Maria,HÜBNER,Poland,PPE
96779,occupation,Member of the Programming  Board of the Women's Congress,0,Danuta Maria,HÜBNER,Poland,PPE
96779,membership,Member of the Advisory Board of the  European Policy Center,0,Danuta Maria,HÜBNER,Poland,PPE
96779,membership,Member of the Advisory Board of the  Institute of Public Affairs,0,Danuta Maria,HÜBNER,Poland,PPE
96779,membership,Member of the European Council on  Foreign Relations (ECFR),0,Danuta Maria,HÜBNER,Poland,PPE
96779,membership,Member of the Board of Directors of  the Center for European Policy Studies,0,Danuta Maria,HÜBNER,Poland,PPE
96779,membership,Member of the Board of the European  Financial Services Forum in the EP,0,Danuta Maria,HÜBNER,Poland,PPE
96779,membership,Member of the Knowledge for  innovation forum in the EP,0,Danuta Maria,HÜBNER,Poland,PPE
96779,membership,Member of the Steering Committee|  European Internet Foundation (EIF),0,Danuta Maria,HÜBNER,Poland,PPE
96779,membership,Member of the Programming Board  of the European Forum of New Ideas,0,Danuta Maria,HÜBNER,Poland,PPE
96779,membership,Member of the Steering Committee of  the Spinelli Group,0,Danuta Maria,HÜBNER,Poland,PPE
96779,membership,Member of the Programming Board  of the Women's Congress,0,Danuta Maria,HÜBNER,Poland,PPE
96779,membership,Member of the Transatlantic Policy  Network,0,Danuta Maria,HÜBNER,Poland,PPE
96779,membership,Chair of the European Forum for  Manufacturing,0,Danuta Maria,HÜBNER,Poland,PPE
96779,membership,Member of the International  Advisory Board| Centrum Balticum Foundation,0,Danuta Maria,HÜBNER,Poland,PPE
1922,occupation,Mitglied des Europäischen Parlaments,3,Thomas,MANN,Germany,PPE
1922,membership,Mitglied des Rundfunkrates          des Hessischen Rundfunks,-1,Thomas,MANN,Germany,PPE
1922,membership,Mitglied des Vorstands des Kolping- Bildungswerks Limburg,-1,Thomas,MANN,Germany,PPE
131750,occupation,Inspector - Direcţia Sanitară Veterinară  şi pentru Siguranţa Alimentelor Botoşani (2011-2012),1,Mihai,ŢURCANU,Romania,PPE
131750,occupation,Preşedinte - Autoritatea Naţională Sanitară  Veterinară şi pentru Siguranţa Alimentelor Bucureşti (2012- 2013),2,Mihai,ŢURCANU,Romania,PPE
131750,occupation,Inspector - Direcţia Sanitară Veterinară  şi pentru Siguranţa Alimentelor Botoşani (2013),1,Mihai,ŢURCANU,Romania,PPE
131750,occupation,Consilier – Cancelaria Primului Ministru  (2013),1,Mihai,ŢURCANU,Romania,PPE
131750,occupation,Vicepreşedinte – Autoritatea Naţională  pentru Protecţia Consumatorilor (2013- 2014),1,Mihai,ŢURCANU,Romania,PPE
131750,occupation,Consilier Europarlamentar (2014- 2015),2,Mihai,ŢURCANU,Romania,PPE
131750,membership,Membru Consiliul Director - Federaţia Naţională a Crescătorilor de Porumbei din România,-1,Mihai,ŢURCANU,Romania,PPE
131750,membership,Preşedinte- Asociaţia Crescătorilor de Porumbei a judeţului Botoşani,-1,Mihai,ŢURCANU,Romania,PPE
28276,occupation,Europos Parlamento narė -  2013/01/01 - 2014/06/30,4,Laima Liucija,ANDRIKIENĖ,Lithuania,PPE
28276,occupation,Kazimiero   Simonavičiaus  universiteto akademinės tarybos narė - 2013/01/01 - 2016/12/31,0,Laima Liucija,ANDRIKIENĖ,Lithuania,PPE
28276,occupation,Vilniaus universiteto           Jidiš  instituto valdybos narė 2013/01/01 -,0,Laima Liucija,ANDRIKIENĖ,Lithuania,PPE
28276,occupation,PA International fondo valdybos  narė 2014/10 - 2016/05/23,0,Laima Liucija,ANDRIKIENĖ,Lithuania,PPE
28276,occupation,Individualios veiklos pažyma  2015/08/21 - 2016/05/19,1,Laima Liucija,ANDRIKIENĖ,Lithuania,PPE
28276,occupation,Tėvynės sąjungos - Lietuvos  krikščionių demokratų tarybos i prezidiumo narė: Tarybos: 2013/01/01 - ; Prezidiumo:      2013/01/01     2014/06/30,0,Laima Liucija,ANDRIKIENĖ,Lithuania,PPE
28276,occupation,Šv. Jokūbo kelio asociacijos narė  2013/10 -,0,Laima Liucija,ANDRIKIENĖ,Lithuania,PPE
28276,membership,Vilniaus universiteto Jidiš instituto  valdybos narė,0,Laima Liucija,ANDRIKIENĖ,Lithuania,PPE
28276,membership,Tėvynės sąjungos - Lietuvos  krikščionių demokratų tarybos n,0,Laima Liucija,ANDRIKIENĖ,Lithuania,PPE
2323,occupation,Mitglied des Europäischen  Parlaments (seit 1997),4,Rainer,WIELAND,Germany,PPE
2323,occupation,Mitglied der Versammlung der  Region Stuttgart (seit1994),1,Rainer,WIELAND,Germany,PPE
2323,membership,Mitglied der Versammlung der  Region Stuttgart,1,Rainer,WIELAND,Germany,PPE
96776,occupation,Parlament Europejski| w trakcie ostatnich  trzech lat byłam posłanką do PE,3,Róża Gräfin,von THUN UND HOHENSTEIN,Poland,PPE
96776,membership,Rada Fundacji "Centrum Im. Bronisława Geremka"" (niedopłatnie)",-1,Róża Gräfin,von THUN UND HOHENSTEIN,Poland,PPE
96776,membership,RUCH EUROPEJSKI (EUROPEAN MOVEMENT   INTERNATIONAL)         - WICEPRZEWODNICZĄCA (niedopłatnie),-1,Róża Gräfin,von THUN UND HOHENSTEIN,Poland,PPE
28397,occupation,Diputado al Parlamento Europeo,4,Agustín,DÍAZ DE MERA GARCÍA CONSUEGRA,Spain,PPE
124881,occupation,Poseł na Sejm RP,3,Marek,PLURA,Poland,PPE
124881,occupation,Członek rady Fundacji Teatru  Grodzkiego,0,Marek,PLURA,Poland,PPE
124881,membership,CZŁONEK RADY FUNDACJI  TEATRU GRODZKIEGO,0,Marek,PLURA,Poland,PPE
96762,occupation,MdEP,4,Joachim,ZELLER,Germany,PPE
124806,occupation,07/2010–02/2013                                                                       10000 Niedersächsischer Ministerpräsident,5,David,McALLISTER,Germany,PPE
124806,occupation,1998 bis 26/03/2014 Mitglied  des Niedersächsischen Landtags,2,David,McALLISTER,Germany,PPE
124806,occupation,07/2010–02/2013 Aufsichtsrat  Volkswagen AG,1,David,McALLISTER,Germany,PPE
124806,membership,Matthai      Verwaltungs-GmbH  (Verden),3,David,McALLISTER,Germany,PPE
124806,membership,Council der Sweco GmbH. (Bremen),1,David,McALLISTER,Germany,PPE
1185,occupation,2010-2014 : Vice-présidente de                                                                           20000 la Commission européenne,5,Viviane,REDING,Luxembourg,PPE
1185,occasional,Discours occasionnels,2,Viviane,REDING,Luxembourg,PPE
1185,membership,Membre du Conseil consultatif du  "Women in Parliaments Global Forum| WIP""",0,Viviane,REDING,Luxembourg,PPE
1185,membership,Membre du WIP Women Caucus,0,Viviane,REDING,Luxembourg,PPE
1185,membership,Membre du Conseil d'administration  de la fondation Chapelle Musicale Rein Elisabeth,0,Viviane,REDING,Luxembourg,PPE
1185,membership,Membre du Conseil consultatif du  Global Economic Symposium,0,Viviane,REDING,Luxembourg,PPE
1185,membership,Membre indépendant du Conseil  d'administration d'Agfa-Gevaert,3,Viviane,REDING,Luxembourg,PPE
1185,membership,Membre du Conseil de surveillance  de la fondation Bertelsmann,3,Viviane,REDING,Luxembourg,PPE
1185,membership,Membre du Conseil d'honneur du  Mouvement Européen International,0,Viviane,REDING,Luxembourg,PPE
1185,membership,Membre du Conseil consultatif  international de PolAk (political academy of the Austrian People's,0,Viviane,REDING,Luxembourg,PPE
1185,membership,Membre du Conseil de la Fondation  Jean Monnet pour l'Europe,0,Viviane,REDING,Luxembourg,PPE
1185,membership,Membre du Conseil consultatif de  l'association European Horizons,0,Viviane,REDING,Luxembourg,PPE
1185,membership,Membre du "Board of Patrons"" de  la Fondation IRE (Institut der Regio Europas)",0,Viviane,REDING,Luxembourg,PPE
1185,membership,Membre du Conseil consultatif  du Centre de Compétences Dusan Sidjanski en études européennes,0,Viviane,REDING,Luxembourg,PPE
96931,occupation,Membre du PE,4,Maurice,PONGA,France,PPE
107041,occupation,Europa-Abgeordneter,3,Heinz K.,BECKER,Austria,PPE
107041,activity,Generalsekretär des Österreichischen  Seniorenbundes,2,Heinz K.,BECKER,Austria,PPE
107041,activity,Mitglied    Vorstand     Hauptverband  Sozialversicherungsträger,2,Heinz K.,BECKER,Austria,PPE
107041,membership,Mitglied Vorstand Politische Akademie (ehrenamtlich),-1,Heinz K.,BECKER,Austria,PPE
107041,membership,Mitglied Aufsichtsrat Springer-Schlössl GmbH (ehrenamtlich),-1,Heinz K.,BECKER,Austria,PPE
28288,occupation,Poseł    do          Parlamentu  Europejskiego,4,Jan,OLBRYCHT,Poland,PPE
28288,occasional,Okazjonalne wykłady,0,Jan,OLBRYCHT,Poland,PPE
28301,occupation,Towarzystwo im. Hipolita  Cegielskiego – Członek Zarzą,0,Tadeusz,ZWIEFKA,Poland,PPE
28301,occupation,poseł do PE,4,Tadeusz,ZWIEFKA,Poland,PPE
96835,occupation,Membru             im     Parlamentul  European,4,Traian,UNGUREANU,Romania,PPE
96835,occupation,Membru "soc. Timișoara""",0,Traian,UNGUREANU,Romania,PPE
96835,membership,Societatea Timișoara,0,Traian,UNGUREANU,Romania,PPE
124802,occupation,Consilier Politic Principal  pentru Afaceri Economice| Parti Popular European,4,Siegfried,MUREŞAN,Romania,PPE
124802,membership,STIFTUNG JUGEND UND  SENIOREN   FÜR   EUROPA LUXEMBURG,0,Siegfried,MUREŞAN,Romania,PPE
124802,membership,PURTATOR   DE   CUVANT|  PARTIDUL POPULAR EUROPEAN,0,Siegfried,MUREŞAN,Romania,PPE
96698,occupation,EP NARYS,4,Viktor,USPASKICH,Lithuania,ALDE
96698,occupation,LR SEIMO NARYS 2012-2014  m,3,Viktor,USPASKICH,Lithuania,ALDE
96698,membership,KEDAINIU ROTARY KLUBO  NARYS,0,Viktor,USPASKICH,Lithuania,ALDE
96698,membership,DARBO PARTIJOS             GARBĖS  PIRMININKAS,0,Viktor,USPASKICH,Lithuania,ALDE
96698,membership,ASOCIACIJA „UŽ VIENINGĄ IR  SVEIKĄ EUROPĄ“,0,Viktor,USPASKICH,Lithuania,ALDE
124702,occupation,Senátor PČR,2,Jaromír,ŠTĚTINA,Czech Republic,PPE
1055,occupation,MEP seit 1989,4,Godelieve,QUISTHOUDT-ROWOHL,Germany,PPE
1055,membership,Vorsitz des Beirates Bischöfliche  Stiftung,0,Godelieve,QUISTHOUDT-ROWOHL,Germany,PPE
1055,membership,Mitglied Beirat "Jakobsweg""",0,Godelieve,QUISTHOUDT-ROWOHL,Germany,PPE
1055,membership,Honorarprof. UNI Hildesheim,0,Godelieve,QUISTHOUDT-ROWOHL,Germany,PPE
96756,occupation,Europa-Abgeordnete,4,Sabine,VERHEYEN,Germany,PPE
96756,membership,Vorsitzende Beirat Senologie des  Fördervereins Marienhospital Aachen,0,Sabine,VERHEYEN,Germany,PPE
1204,occupation,Député européen,4,Alain,LAMASSOURE,France,PPE
1204,membership,Vice-Président de l'association Cercle  de l'industrie,0,Alain,LAMASSOURE,France,PPE
1204,membership,Membre du Conseil d'orientation du  Mouvement Européen France,0,Alain,LAMASSOURE,France,PPE
124809,occupation,Ingenieur,3,Sven,SCHULZE,Germany,PPE
1179,occupation,Député à l'Assemblée nationale (jusqu'en  juin 2012),3,Michèle,ALLIOT-MARIE,France,PPE
1179,occupation,1er Adjoint au Maire de Saint Jean de Luz  (jusqu'en mars 2014),2,Michèle,ALLIOT-MARIE,France,PPE
1179,occasional,Ecriture de livres,3,Michèle,ALLIOT-MARIE,France,PPE
1179,occasional,Conférences,4,Michèle,ALLIOT-MARIE,France,PPE
1179,membership,Rayon Vert,-1,Michèle,ALLIOT-MARIE,France,PPE
1179,membership,Fondation du bénévolat,-1,Michèle,ALLIOT-MARIE,France,PPE
1179,membership,Académie culturelle Berlin,-1,Michèle,ALLIOT-MARIE,France,PPE
28135,occupation,MEP,4,György,SCHÖPFLIN,Hungary,PPE
28135,membership,Institute of Advanced Studies Kőszeg,0,György,SCHÖPFLIN,Hungary,PPE
28617,occupation,Professor University of Latvia  (income less than 500 euros per month),1,Inese,VAIDERE,Latvia,PPE
28617,occupation,Member of Board of the Political  Party Unity (not remunerated),0,Inese,VAIDERE,Latvia,PPE
28617,occupation,Member of the European  Parliament,4,Inese,VAIDERE,Latvia,PPE
28617,membership,President of the Latvian Economic  Development Forum (NGO) (not remunerated),0,Inese,VAIDERE,Latvia,PPE
28617,membership,Chair of Council of the Latvian  Occupation research society (not remunerated),0,Inese,VAIDERE,Latvia,PPE
28617,membership,Board member of Arturs Vaiders  Foundation,0,Inese,VAIDERE,Latvia,PPE
1038,occupation,Mitglied       des    Europäischen  Parlaments,4,Karl-Heinz,FLORENZ,Germany,PPE
1038,occupation,Landwirt,4,Karl-Heinz,FLORENZ,Germany,PPE
1038,activity,Landwirt,3,Karl-Heinz,FLORENZ,Germany,PPE
1038,occasional,Vorträge| Verfassen von Texten,1,Karl-Heinz,FLORENZ,Germany,PPE
1038,membership,Mitglied        der        Deutschen  Umweltstiftung,0,Karl-Heinz,FLORENZ,Germany,PPE
124701,occupation,Deloitte Czech Republic,4,Luděk,NIEDERMAYER,Czech Republic,PPE
124701,occupation,Česká bankovní asociace (ČBA),3,Luděk,NIEDERMAYER,Czech Republic,PPE
124701,membership,PROSTOR PLUS O.P.S.,0,Luděk,NIEDERMAYER,Czech Republic,PPE
28393,occupation,Diputado al Parlamento Europeo,4,Luis,de GRANDES PASCUAL,Spain,PPE
96767,occupation,Mitglied     des    Europäischen  Parlaments,3,Werner,KUHN,Germany,PPE
96767,occupation,Präsident des LV des DRK  Mecklenburg-Vorpommern,1,Werner,KUHN,Germany,PPE
96767,occupation,Aufsichtsrat           DRK  Blutspendedienst,0,Werner,KUHN,Germany,PPE
96767,membership,Präsident des LV des           DRK  Mecklenburg-Vorpommern,1,Werner,KUHN,Germany,PPE
96767,membership,Aufsichtsrat DRK Blutspendedienst,0,Werner,KUHN,Germany,PPE
133326,occupation,Presidente TEM,3,Stefano,MAULLU,Italy,PPE
133326,occupation,Ad TEE,3,Stefano,MAULLU,Italy,PPE
124876,occupation,By og Regionsrådsmedlem Nordjylland  indtil 1. august 2014.,2,Rikke,KARLSSON,Denmark,ECR
124876,activity,Bestyrelsespost i Ålborg Teater (under 500 EUR brutto om måneden) indtil 31. december 2014.,-1,Rikke,KARLSSON,Denmark,ECR
28390,occupation,Diputada al Parlamento Europeo,4,Pilar,del CASTILLO VERA,Spain,PPE
28390,membership,Patronato Fundación Museo del  Prado,0,Pilar,del CASTILLO VERA,Spain,PPE
28390,membership,Chair of the European Internet Forum,0,Pilar,del CASTILLO VERA,Spain,PPE
28390,membership,Patronato Fundación BOTIN,0,Pilar,del CASTILLO VERA,Spain,PPE
124893,occupation,Minister Kultury i Dziedzictwa  Narodowego,3,Bogdan Andrzej,ZDROJEWSKI,Poland,PPE
124893,occupation,Poseł na Sejm RP do 2014 r.,2,Bogdan Andrzej,ZDROJEWSKI,Poland,PPE
188906,occupation,Legal consultant,2,Francis,ZAMMIT DIMECH,Malta,PPE
188906,occupation,Lecturer,1,Francis,ZAMMIT DIMECH,Malta,PPE
188906,activity,Lecturer,1,Francis,ZAMMIT DIMECH,Malta,PPE
188906,occasional,Legal consultant,2,Francis,ZAMMIT DIMECH,Malta,PPE
188906,membership,Director| Venus Multi-Strategy Fund,1,Francis,ZAMMIT DIMECH,Malta,PPE
188906,membership,Director| Hullabaloo Limited,1,Francis,ZAMMIT DIMECH,Malta,PPE
188906,membership,Director| Bulooba Holdings Limited,1,Francis,ZAMMIT DIMECH,Malta,PPE
188906,membership,Director| Tagyll Holding Limited,1,Francis,ZAMMIT DIMECH,Malta,PPE
188906,membership,Chairman / Director| AWS Malta  Limited,1,Francis,ZAMMIT DIMECH,Malta,PPE
125069,occupation,Βουλευτική αποζημίωση,3,Notis,MARIAS,Greece,ECR
125069,occupation,Καθηγητής ΑΕΙ,2,Notis,MARIAS,Greece,ECR
125069,occupation,Δικηγορία,-1,Notis,MARIAS,Greece,ECR
96806,occupation,Fundación Alberto Jiménez-  Becerril contra el terrorismo,0,Teresa,JIMÉNEZ-BECERRIL BARRIO,Spain,PPE
96806,occupation,Diputada al Parlamento Europeo,4,Teresa,JIMÉNEZ-BECERRIL BARRIO,Spain,PPE
23894,occupation,Poslanec EP,3,Anna,ZÁBORSKÁ,Slovakia,PPE
23894,membership,Fórum života,-1,Anna,ZÁBORSKÁ,Slovakia,PPE
23894,membership,Slovenská spoločnosť pre rodinu,-1,Anna,ZÁBORSKÁ,Slovakia,PPE
23894,membership,Áno pre život,-1,Anna,ZÁBORSKÁ,Slovakia,PPE
23894,membership,Paneurópska únia,-1,Anna,ZÁBORSKÁ,Slovakia,PPE
124713,occupation,COMMSERVIS,3,Tomáš,ZDECHOVSKÝ,Czech Republic,PPE
124713,occupation,WIFI.CZ,2,Tomáš,ZDECHOVSKÝ,Czech Republic,PPE
124713,occupation,B2W,0,Tomáš,ZDECHOVSKÝ,Czech Republic,PPE
124713,membership,BONI PUERI,0,Tomáš,ZDECHOVSKÝ,Czech Republic,PPE
124713,membership,BK PARDUBICE,0,Tomáš,ZDECHOVSKÝ,Czech Republic,PPE
124713,membership,UNIVERZITA PARDUBICE,0,Tomáš,ZDECHOVSKÝ,Czech Republic,PPE
124939,occupation,Waverley BC (ended 05/2015),2,Diane,JAMES,United Kingdom,NA/NI
124939,occupation,Local     Gov't    Assn      (ended  05/2015),1,Diane,JAMES,United Kingdom,NA/NI
124939,occupation,HFMA (ended 09/2012),2,Diane,JAMES,United Kingdom,NA/NI
124939,occupation,Proven (ended 12/2013),3,Diane,JAMES,United Kingdom,NA/NI
124939,membership,Company sec| IVL,0,Diane,JAMES,United Kingdom,NA/NI
28223,occupation,MdEP,4,Andreas,SCHWAB,Germany,PPE
28223,activity,Rechtsanwalt| CMS Hasche Sigle| Berlin|  Of Counsel,3,Andreas,SCHWAB,Germany,PPE
28223,membership,Vorsitzender des Vereins der Freunde  der Rottweiler Münstersängerknaben e.V.,0,Andreas,SCHWAB,Germany,PPE
28223,membership,Lehrbeauftragter an der Universität  Düsseldorf,0,Andreas,SCHWAB,Germany,PPE
28223,membership,Deutsch-französisches     Institut|  Ludwigsburg| Mitglied des Vorstands,0,Andreas,SCHWAB,Germany,PPE
37324,occupation,Membru         al    Parlamentului  European,4,Adina-Ioana,VĂLEAN,Romania,PPE
37324,occupation,PNL| Biroul Politic Naƫional|  Membru,0,Adina-Ioana,VĂLEAN,Romania,PPE
37324,occupation,Forum for Automotive and  Society| copreședinte,0,Adina-Ioana,VĂLEAN,Romania,PPE
37324,occupation,European Internet Foundation|  Membru,0,Adina-Ioana,VĂLEAN,Romania,PPE
37324,occupation,EU-Ukraine          Forum|     Board  Member,0,Adina-Ioana,VĂLEAN,Romania,PPE
37324,occupation,Institutul pentru libera ințiativă|  Membru,0,Adina-Ioana,VĂLEAN,Romania,PPE
37324,membership,PNL| Membru           al    Delegaƫiei  Permanente,0,Adina-Ioana,VĂLEAN,Romania,PPE
37324,membership,Forum for Automotive and Society|  Copreședinte,0,Adina-Ioana,VĂLEAN,Romania,PPE
37324,membership,European       Internet    Foundation|  Membru,0,Adina-Ioana,VĂLEAN,Romania,PPE
37324,membership,EU-Ukraine Forum| Board Member,0,Adina-Ioana,VĂLEAN,Romania,PPE
37324,membership,Institutul pentru libera ințiativă|  Membru,0,Adina-Ioana,VĂLEAN,Romania,PPE
96781,occupation,Poseł    do          Parlamentu  Europejskiego,4,Danuta,JAZŁOWIECKA,Poland,PPE
124808,occupation,Beamter,3,Norbert,LINS,Germany,PPE
96829,occupation,Európai parlamenti képviselő,4,Ádám,KÓSA,Hungary,PPE
96829,occupation,ELNÖK| SINOSZ,1,Ádám,KÓSA,Hungary,PPE
96829,occupation,Ügyvéd,0,Ádám,KÓSA,Hungary,PPE
96829,membership,ELNÖK| SINOSZ,1,Ádám,KÓSA,Hungary,PPE
96829,membership,ELNÖKSÉGI             TAG|    MPB  KÖZTESTÜLET,0,Ádám,KÓSA,Hungary,PPE
39721,occupation,Deputat Parlamentul European,4,Theodor Dumitru,STOLOJAN,Romania,PPE
39721,occupation,Membru Trust Fundatia  Româno-Americanà| Bucureș,0,Theodor Dumitru,STOLOJAN,Romania,PPE
39721,membership,Membru birou Partidul Național  Liberal România,0,Theodor Dumitru,STOLOJAN,Romania,PPE
39721,membership,Membru Fundatia Robert Schuman  Bruxelles,0,Theodor Dumitru,STOLOJAN,Romania,PPE
33982,occupation,deputat Parlamentul European,4,Marian-Jean,MARINESCU,Romania,PPE
33982,membership,CA GSA PRAGA - observer,0,Marian-Jean,MARINESCU,Romania,PPE
28269,occupation,Instytut Inż.Chem.PAN Gliwice  (urlop bez wynagrodzenia),0,Jerzy,BUZEK,Poland,PPE
28269,occupation,Fundacja Konkursu Pro Publico  Bono,0,Jerzy,BUZEK,Poland,PPE
28269,occupation,Instytut         Społeczeństwa  Obywatelskiego,0,Jerzy,BUZEK,Poland,PPE
28269,occupation,Rada Europejskiej Fundacji  Rozwoju Wsi Polskiej,0,Jerzy,BUZEK,Poland,PPE
28269,occupation,Rada     Polskiej     Izby  Zaawansowanych Technologii,0,Jerzy,BUZEK,Poland,PPE
28269,occupation,Institut Jacques Delors,0,Jerzy,BUZEK,Poland,PPE
28269,occupation,Poseł    do          Parlamentu  Europejskiego,4,Jerzy,BUZEK,Poland,PPE
28269,membership,FUNDACJA KONKURSU PRO  PUBLICO BONO,0,Jerzy,BUZEK,Poland,PPE
28269,membership,INSTYTUT SPOŁECZEŃSTWA  OBYWATELSKIEGO,0,Jerzy,BUZEK,Poland,PPE
28269,membership,RADA EUROPEJSKIEJ FUNDACJI  ROZWOJU WSI POLSKIEJ,0,Jerzy,BUZEK,Poland,PPE
28269,membership,RADA    POLSKIEJ             IZBY  ZAAWANSOWANYCH TECHNOLOGII,0,Jerzy,BUZEK,Poland,PPE
28269,membership,Instytut Jacques Delors,0,Jerzy,BUZEK,Poland,PPE
28269,holding,EUROPEJSKI KONGRES GOSPODARCZYX,-1,Jerzy,BUZEK,Poland,PPE
28269,holding,EUROPEJSKIE FORUM NOWYCH IDEIX,-1,Jerzy,BUZEK,Poland,PPE
28269,holding,EUROPEJSKI KONGRES MŚPX,-1,Jerzy,BUZEK,Poland,PPE
124704,occupation,Poslanec PSP ČR,3,Stanislav,POLČÁK,Czech Republic,PPE
124704,occupation,Advokát,3,Stanislav,POLČÁK,Czech Republic,PPE
124704,occupation,Vysokoškolský pedagog,1,Stanislav,POLČÁK,Czech Republic,PPE
124704,occupation,Poradce,2,Stanislav,POLČÁK,Czech Republic,PPE
124704,activity,Advokát,3,Stanislav,POLČÁK,Czech Republic,PPE
124704,membership,SMS ČR,0,Stanislav,POLČÁK,Czech Republic,PPE
23787,occupation,Poseł    do          Parlamentu  Europejskiego,4,Czesław Adam,SIEKIERSKI,Poland,PPE
23787,membership,STOWARZYSZENIE INSTYTUT  POLITYCZNY      IM. MACIEJA RATAJA - PREZES,0,Czesław Adam,SIEKIERSKI,Poland,PPE
96754,occupation,Lid Europees Parlement,3,Wim,van de CAMP,Netherlands,PPE
96754,membership,RvT Famostar,1,Wim,van de CAMP,Netherlands,PPE
24594,occupation,Membre du CESER Alsace  jusqu'en 2013,2,Anne,SANDER,France,PPE
24594,occupation,Vice-Présidente CESER Alsace  de 2013 à septembre 2014,3,Anne,SANDER,France,PPE
24594,occupation,Attachée parlementaire,4,Anne,SANDER,France,PPE
24594,membership,Vice-Présidente       Mission  opérationnelle transfontalière,0,Anne,SANDER,France,PPE
24594,membership,V.P. Les Républicains du Bas-Rhin,0,Anne,SANDER,France,PPE
39725,occupation,Membru PE,4,Iuliu,WINKLER,Romania,PPE
39725,occupation,Preşedinte UDMR| filiala jud.  Hunedoara| România,0,Iuliu,WINKLER,Romania,PPE
39725,occupation,Prim-vicepreşedinte SME  Europe Association| Bruxelles Belgia,0,Iuliu,WINKLER,Romania,PPE
39725,occupation,Membru        al    Camerei  Consultanţilor Fiscali| București România,0,Iuliu,WINKLER,Romania,PPE
39725,membership,Preşedinte UDMR| filiala jud.  Hunedoara| România,0,Iuliu,WINKLER,Romania,PPE
39725,membership,Prim-vicepreşedinte SME Europe  Association| Bruxelles| Belgia,0,Iuliu,WINKLER,Romania,PPE
39725,membership,Membru al Camerei Consultanţilor  Fiscali| București| România,0,Iuliu,WINKLER,Romania,PPE
97293,occupation,Parlementaire européen (7e  législature),4,Georges,BACH,Luxembourg,PPE
28257,occupation,Europees Parlementslid sedert  2004,4,Ivo,BELET,Belgium,PPE
28257,membership,Lid raad van bestuur Hasselt  stationsomgeving,1,Ivo,BELET,Belgium,PPE
28257,membership,Lid raad van bestuur Unitas,0,Ivo,BELET,Belgium,PPE
96936,occupation,Diputado al Parlamento Europeo,4,Gabriel,MATO,Spain,PPE
96936,membership,COMITÉ EJECUTIVO REGIONAL  DEL PARTIDO POPULAR,0,Gabriel,MATO,Spain,PPE
96936,membership,JUNTA DIRECTIVA NACIONAL  PARTIDO POPULAR,0,Gabriel,MATO,Spain,PPE
28219,occupation,MdEP,4,Daniel,CASPARY,Germany,PPE
28219,membership,Politische Ämter in der CDU,0,Daniel,CASPARY,Germany,PPE
23781,occupation,Komisarz UE                                                                                            20000,5,Janusz,LEWANDOWSKI,Poland,PPE
23781,membership,Sopocki Klub LA,0,Janusz,LEWANDOWSKI,Poland,PPE
23781,membership,Rada Programowa Instytutu Badań  nad Gospodarką Rynkową,0,Janusz,LEWANDOWSKI,Poland,PPE
23781,membership,Zarząd Fundacji Schumana,0,Janusz,LEWANDOWSKI,Poland,PPE
23693,occupation,Poslanec Evropskega parlamenta,4,Alojz,PETERLE,Slovenia,PPE
23693,occupation,Društvo Združena Evropa,0,Alojz,PETERLE,Slovenia,PPE
23693,occupation,Društvo za razvoj Fokus 2031,0,Alojz,PETERLE,Slovenia,PPE
23693,occupation,Robert Schuman Foundation,0,Alojz,PETERLE,Slovenia,PPE
23693,occupation,Knowledge4Innovation Forum,0,Alojz,PETERLE,Slovenia,PPE
23693,occupation,Fundacija Lojzeta Peterleta,0,Alojz,PETERLE,Slovenia,PPE
23693,membership,Društvo Združena Evropa,0,Alojz,PETERLE,Slovenia,PPE
23693,membership,Društvo za razvoj Fokus 2031,0,Alojz,PETERLE,Slovenia,PPE
23693,membership,Fundacija Lojzeta Peterleta,0,Alojz,PETERLE,Slovenia,PPE
23693,membership,Robert Schuman Foundation,0,Alojz,PETERLE,Slovenia,PPE
23693,membership,Friends of Europe,0,Alojz,PETERLE,Slovenia,PPE
23693,membership,AEC Lesce (aeroclub),0,Alojz,PETERLE,Slovenia,PPE
23693,membership,Nova Slovenija (New Slovenia Party  – Member of EPP party),0,Alojz,PETERLE,Slovenia,PPE
96747,occupation,Député européen 2009-2014,3,Arnaud,DANJEAN,France,PPE
96933,occupation,Evropski Poslanec,4,Milan,ZVER,Slovenia,PPE
125027,occupation,Diputado Nacional,2,Esteban,GONZÁLEZ PONS,Spain,PPE
125027,occupation,Vicesecretario del Partido Popular,2,Esteban,GONZÁLEZ PONS,Spain,PPE
125027,membership,Comité Ejecutivo del Partido Popular,-1,Esteban,GONZÁLEZ PONS,Spain,PPE
97022,occupation,Parlementaire Européen,4,Robert,ROCHEFORT,France,ALDE
97022,occupation,Eurotunnel (Administrateur),4,Robert,ROCHEFORT,France,ALDE
97022,occupation,Cetelem (Administrateur),2,Robert,ROCHEFORT,France,ALDE
97022,occupation,Associé Observatoire Société et  Consommation,2,Robert,ROCHEFORT,France,ALDE
97022,activity,Associé Observatoire                 Société      et  Consommation,2,Robert,ROCHEFORT,France,ALDE
124832,occupation,Mitglied des Europäischen Parlaments,3,Udo,VOIGT,Germany,NA/NI
124832,membership,Stellvertretender NPD Landesvorsitzender Berlin,-1,Udo,VOIGT,Germany,NA/NI
2278,occupation,Abgeordneter zum Europäischen  Parlament,4,Paul,RÜBIG,Austria,PPE
2278,occupation,Schmied,3,Paul,RÜBIG,Austria,PPE
2278,occupation,WKÖ,3,Paul,RÜBIG,Austria,PPE
2278,activity,WKÖ,3,Paul,RÜBIG,Austria,PPE
2278,membership,Alumni Club HTL Steyr| Gypsum  Forum,0,Paul,RÜBIG,Austria,PPE
2278,membership,Parlamentarische  Freundschaftsgruppe mit Südkorea| EEF| EMF| IV OÖ| Kangaroo Group| K4I,0,Paul,RÜBIG,Austria,PPE
2278,membership,EFSG|        Paneuropaïsche  Freundschaftsgruppe der EVP| EPCF| PPTA,0,Paul,RÜBIG,Austria,PPE
2278,membership,Pro Wels West| Raw Materials  Group| SME Global| SME Europe| S COUNCIL,0,Paul,RÜBIG,Austria,PPE
2278,membership,Intergroup      Climate Change|  Biodiversity       &      Sustainab Development,0,Paul,RÜBIG,Austria,PPE
124734,occupation,Deputada Parlamento Nacional,3,Cláudia,MONTEIRO DE AGUIAR,Portugal,PPE
96901,occupation,Eiropas Parlamenta deputāts,4,Krišjānis,KARIŅŠ,Latvia,PPE
96901,membership,Politiskās partijas "VIENOTĪBA""  valdes loceklis",0,Krišjānis,KARIŅŠ,Latvia,PPE
1852,occupation,Mitglied     des    Europäischen  Parlaments,4,Dieter-Lebrecht,KOCH,Germany,PPE
1852,membership,ETSC        -      Europäischer  Verkehrssicherheitsrat,0,Dieter-Lebrecht,KOCH,Germany,PPE
1852,membership,TWSD - Trägerwerk Soziale Dienste,0,Dieter-Lebrecht,KOCH,Germany,PPE
1852,membership,Bürger Europas e.V.,0,Dieter-Lebrecht,KOCH,Germany,PPE
1852,membership,Europ. Bewegung Thüringen,0,Dieter-Lebrecht,KOCH,Germany,PPE
124726,occupation,Liikenne- ja kuntaministeri,4,Henna,VIRKKUNEN,Finland,PPE
124726,occupation,Kunta- ja hallintoministeri,4,Henna,VIRKKUNEN,Finland,PPE
124726,occupation,Opetusministeri,4,Henna,VIRKKUNEN,Finland,PPE
124726,membership,Jyväskylän kaupunginvaltuutettu,-1,Henna,VIRKKUNEN,Finland,PPE
28124,occupation,Ledamot Europaparlamentet,4,Gunnar,HÖKMARK,Sweden,PPE
28124,membership,ORDFÖRANDE   SVENSKA  FÖRSÄKRINGSFÖRMEDLARES FÖRENING,2,Gunnar,HÖKMARK,Sweden,PPE
28124,membership,STYRELSELEDAMOT                DINA  FÖRSÄKRINGAR AB,1,Gunnar,HÖKMARK,Sweden,PPE
28124,membership,ORDFÖRANDE INSURESEC AB,1,Gunnar,HÖKMARK,Sweden,PPE
28124,membership,ORDFÖRANDE DRÄTTEN AB,0,Gunnar,HÖKMARK,Sweden,PPE
96705,occupation,MEP i perioden 09-14,4,Bendt,BENDTSEN,Denmark,PPE
96705,occupation,Bestyrelsesmedlem              i  Lauritzenfonden,3,Bendt,BENDTSEN,Denmark,PPE
96705,occupation,Bestyrelsesmedlem i Esvagt,1,Bendt,BENDTSEN,Denmark,PPE
96705,occupation,medlem af Realkredit Danmark  lokalråd Odense,1,Bendt,BENDTSEN,Denmark,PPE
96705,occupation,Medlem af Danske Banks  Repræsentantskab,1,Bendt,BENDTSEN,Denmark,PPE
96705,occupation,Medlem af          Odense       Zoo  Udviklingsfond,0,Bendt,BENDTSEN,Denmark,PPE
96705,occupation,Bestyrelsesmedlem af Nordic  Synergi Park,1,Bendt,BENDTSEN,Denmark,PPE
96705,occupation,Bestyrelsesmedlem Seamall,0,Bendt,BENDTSEN,Denmark,PPE
96705,occupation,Team Online,0,Bendt,BENDTSEN,Denmark,PPE
96705,membership,Bestyrelsesmedlem i Lauritzenfonden,3,Bendt,BENDTSEN,Denmark,PPE
125067,occupation,Ιδιοκτήτης Πρακτορείου ΠΡΟΠΟ,1,Theodoros,ZAGORAKIS,Greece,PPE
125067,activity,Ιδιοκτήτης Πρακτορείου ΠΡΟΠΟ,1,Theodoros,ZAGORAKIS,Greece,PPE
96696,occupation,Europos parlamento narys,4,Algirdas,SAUDARGAS,Lithuania,PPE
124890,occupation,Posel na Sejm RP,3,Adam,SZEJNFELD,Poland,PPE
107212,occupation,Младши    експерт „Връзки   с обществеността“| община Благоевград (под 500€),-1,Andrey,NOVAKOV,Bulgaria,PPE
107212,occupation,Експерт "Връзки с обществеността"" в проект по Оперативна програма ""Околна среда"" (под 500€)",-1,Andrey,NOVAKOV,Bulgaria,PPE
107212,occupation,Технически сътрудник| проект по програма "Югоизточна Европа"" (под 500€)",-1,Andrey,NOVAKOV,Bulgaria,PPE
107212,occupation,Ментор по проект              "Студентски практики"" (Под 500€)",-1,Andrey,NOVAKOV,Bulgaria,PPE
125101,occupation,advocacia não remunerado,0,José Inácio,FARIA,Portugal,PPE
125101,occupation,Assessoria Juridica,3,José Inácio,FARIA,Portugal,PPE
96787,occupation,Deputato al Parlamento europeo,4,Herbert,DORFMANN,Italy,PPE
96787,occupation,Libera professione Agronomo,3,Herbert,DORFMANN,Italy,PPE
96787,occupation,Direzione Südtiroler Volkspartei,0,Herbert,DORFMANN,Italy,PPE
96787,membership,Direzione Südtiroler Volkspartei,0,Herbert,DORFMANN,Italy,PPE
124743,occupation,Latvijas valdība 2010-2014,3,Artis,PABRIKS,Latvia,PPE
124743,occupation,Parlaments,3,Artis,PABRIKS,Latvia,PPE
124743,occupation,Augstskola RISEBA,2,Artis,PABRIKS,Latvia,PPE
124743,occupation,Zinātņu Akadēmijas korespond.  loceklis,0,Artis,PABRIKS,Latvia,PPE
124743,occupation,NVO Shinjinbukan Dojo Rīga,0,Artis,PABRIKS,Latvia,PPE
124743,occupation,NVO Hiršenhofas mantojums,0,Artis,PABRIKS,Latvia,PPE
124743,occupation,Vienotiba| valde,0,Artis,PABRIKS,Latvia,PPE
124743,occupation,Nacionālās          Vienotības  apvienība| Valde,0,Artis,PABRIKS,Latvia,PPE
124743,occupation,Autoratlīdzība|          Apgāds  Zvaigzne ABC,1,Artis,PABRIKS,Latvia,PPE
124743,occupation,Autoratlīdzība| Cits Medijs,1,Artis,PABRIKS,Latvia,PPE
124743,membership,NVO Shinjinbukan Dojo Rīga,0,Artis,PABRIKS,Latvia,PPE
124743,membership,NVO Shinjinbukan           European  Association,0,Artis,PABRIKS,Latvia,PPE
124743,membership,NVO Hiršenhofas mantojums,0,Artis,PABRIKS,Latvia,PPE
124743,membership,Vienotība| valde,0,Artis,PABRIKS,Latvia,PPE
124743,membership,Nacionālās Vienotības apvienība|  valde,0,Artis,PABRIKS,Latvia,PPE
124731,occupation,Directeur de cabinet UMP                                                                                 10000 12/2010 - 05/2014,5,Jérôme,LAVRILLEUX,France,PPE
124731,occupation,Conseiller groupe UMP/A.N.  12/2010 - 09/2012,3,Jérôme,LAVRILLEUX,France,PPE
23785,occupation,Poseł do PE,4,Andrzej,GRZYB,Poland,PPE
23785,activity,Gospodarstwo Rolne,1,Andrzej,GRZYB,Poland,PPE
23785,membership,OSP - Prezes Zarządu,0,Andrzej,GRZYB,Poland,PPE
23785,membership,Rada    Fundacji    Solidarności  Międzynarodowej - Warszawa,0,Andrzej,GRZYB,Poland,PPE
23785,membership,European Endowment for Democracy  - Board of Governors - Bruksela,0,Andrzej,GRZYB,Poland,PPE
28424,occupation,Euroopa Parlamendi liige,3,Tunne,KELAM,Estonia,PPE
58758,occupation,Deputato al Parlamento Europeo,4,Elisabetta,GARDINI,Italy,PPE
58758,membership,Associazione Prendi Parte,0,Elisabetta,GARDINI,Italy,PPE
125068,occupation,Βουλευτής,3,Manolis,KEFALOGIANNIS,Greece,PPE
96884,occupation,Député européen,4,Philippe,JUVIN,France,PPE
96884,occupation,Professeur de             médecine  (Université Paris 7),3,Philippe,JUVIN,France,PPE
96884,occupation,Médecin des hôpitaux,3,Philippe,JUVIN,France,PPE
96884,occupation,Maire de la Garenne-Colombes  (92 France),3,Philippe,JUVIN,France,PPE
96884,occupation,Vice-président syndicat des eaux,2,Philippe,JUVIN,France,PPE
96884,occupation,Vice-président de SIGEIF,2,Philippe,JUVIN,France,PPE
96884,occupation,Vice-president de SYELOM,2,Philippe,JUVIN,France,PPE
96884,activity,Professeur de médecine (Université Paris  7),3,Philippe,JUVIN,France,PPE
96884,activity,Médecin des hôpitaux,3,Philippe,JUVIN,France,PPE
96884,membership,Maire de La Garenne-Colombes (92|  FR),3,Philippe,JUVIN,France,PPE
96884,membership,Vice-président du Syndicat des Eaux,2,Philippe,JUVIN,France,PPE
96884,membership,Vice-président du SIGEIF,2,Philippe,JUVIN,France,PPE
124929,occupation,Member of the National Council  of the Slovak Republic,2,Ivan,ŠTEFANEC,Slovakia,PPE
124828,occupation,Consigliere Regione Campania e  Assessore Regione Campania,4,Fulvio,MARTUSCIELLO,Italy,PPE
96903,occupation,Eurodeputado,3,Paulo,RANGEL,Portugal,PPE
96903,occupation,Professor Universitário,1,Paulo,RANGEL,Portugal,PPE
96903,occupation,Advogado,3,Paulo,RANGEL,Portugal,PPE
96903,occupation,Comentador nos media,2,Paulo,RANGEL,Portugal,PPE
96903,occupation,Direção da Associação Comercial do Porto,-1,Paulo,RANGEL,Portugal,PPE
96903,occupation,Assembleia Geral da RAR holding,-1,Paulo,RANGEL,Portugal,PPE
96903,activity,Professor Universitário,1,Paulo,RANGEL,Portugal,PPE
96903,activity,Advogado,3,Paulo,RANGEL,Portugal,PPE
96903,activity,Comentador nos media,2,Paulo,RANGEL,Portugal,PPE
96903,membership,Direção da Associação Comercial do Porto,-1,Paulo,RANGEL,Portugal,PPE
96903,membership,Assembleia Geral da RAR holding,-1,Paulo,RANGEL,Portugal,PPE
1892,occupation,Deputado         ao     Parlamento  Europeu,4,Carlos,COELHO,Portugal,PPE
1892,membership,Membro do Think tank – Plataforma  do Crescimento Sustentável,0,Carlos,COELHO,Portugal,PPE
96978,occupation,Eurodeputado,3,Nuno,MELO,Portugal,PPE
96978,occupation,Comentador televisivo sem regularidade definida,-1,Nuno,MELO,Portugal,PPE
96978,occupation,Presidente da Assembleia Municipal de V.N. Famalicão,-1,Nuno,MELO,Portugal,PPE
96978,occupation,Advocacia sem regularidade,-1,Nuno,MELO,Portugal,PPE
108080,occupation,Agent général d'Assurance,3,Franck,PROUST,France,PPE
108080,occupation,Adjoint au Maire,1,Franck,PROUST,France,PPE
108080,occupation,Député Européen,4,Franck,PROUST,France,PPE
108080,activity,Agent général d'Assurance,3,Franck,PROUST,France,PPE
108080,membership,Administrateur de l'office du tourisme  de Nîmes,0,Franck,PROUST,France,PPE
72775,occupation,Député européen,4,Rachida,DATI,France,PPE
72775,occupation,Avocat (16 000 euros brut                                                                                20000 mensuel),5,Rachida,DATI,France,PPE
72775,activity,Avocat (16 000 euros brut mensuel)                                                                       20000,5,Rachida,DATI,France,PPE
72775,membership,ADMINISTRATEUR                  -  ASSOCIATION DES AMIS                  DE L'AZERBAÏDJAN,0,Rachida,DATI,France,PPE
5565,occupation,Député européen,4,Brice,HORTEFEUX,France,PPE
5565,membership,PRESIDENT DE LA                  SEM  VOLCANS (VULCANIA),0,Brice,HORTEFEUX,France,PPE
5565,membership,PRESIDENT DU SYNDICAT  MIXTE DE L'AEROPORT DE CLERMONT-FERRAND AUVERGNE,0,Brice,HORTEFEUX,France,PPE
125107,occupation,Secrétaire général de la  Confédération   des  syndica chrétiens (CSC),4,Claude,ROLIN,Belgium,PPE
125107,occupation,Conseil d'administration Dexia  Banque Belgique (de 2006 au 10/10/2011),0,Claude,ROLIN,Belgium,PPE
125107,occupation,Conseil d'administration ARCO  (de 2006 au 8/12/2011),0,Claude,ROLIN,Belgium,PPE
125107,occupation,Membre du Bureau du Conseil  Central de l'Economie (2006 au 3/2/2014),0,Claude,ROLIN,Belgium,PPE
125107,occupation,Membre du Conseil fédéral de  Développement Durable (2006 au 3/2/2014),0,Claude,ROLIN,Belgium,PPE
125107,occupation,Conseiller   au  Comité  économique et social européen (2007 au 21/02/2014),0,Claude,ROLIN,Belgium,PPE
125107,occupation,Membre du Comité de direction  de la Confédération européenne des syndicats européens (2006 au 3/2/2014),0,Claude,ROLIN,Belgium,PPE
125107,occupation,Membre du Bureau de  l'Observatoire social e (2006 au 3/2/2014),0,Claude,ROLIN,Belgium,PPE
125107,occupation,Membre de l'asbl "Solidarité  mondiale"" (2006 au 3/2/2014)",0,Claude,ROLIN,Belgium,PPE
125107,occupation,Membre      du     Conseil  d'administration de l'INAS - Belgique (2006 au 3/2/2014),0,Claude,ROLIN,Belgium,PPE
125107,membership,CERCLE EUROPEEN PIERRE  WERNER,0,Claude,ROLIN,Belgium,PPE
125107,membership,CONFERENCE  LUXEMBOURGEOISE DES ELUS,0,Claude,ROLIN,Belgium,PPE
125107,membership,MUTUALITE CHRETIENNE DE  LA PROVINCE DE LUXEMBOURG,0,Claude,ROLIN,Belgium,PPE
125107,membership,ASBL PROGRES ET SOLIDARITE  (MUTUALITE),0,Claude,ROLIN,Belgium,PPE
125107,membership,ASBL INSTITUTIONS MEDICO  SOCIALES (MUTUALITE),0,Claude,ROLIN,Belgium,PPE
125107,membership,ESPACE SOLIVAL (MUTUALITE),0,Claude,ROLIN,Belgium,PPE
125107,membership,OPTILUX (MUTUALITE),0,Claude,ROLIN,Belgium,PPE
125107,membership,ALLIANCE NATIONALE DES  MUTUALITES CHRETIENNES,0,Claude,ROLIN,Belgium,PPE
125107,membership,SOLIMUT          /   MC     ASSURE  (MUTUALITE),0,Claude,ROLIN,Belgium,PPE
125107,membership,CDH NATIONAL,0,Claude,ROLIN,Belgium,PPE
125107,membership,CDH SECTION LOCALE,0,Claude,ROLIN,Belgium,PPE
24922,occupation,Rechtsanwalt,4,Pascal,ARIMONT,Belgium,PPE
24922,occupation,Mitglied des Parlaments der  Deutschsprachigen Gemeinschaft Belgiens,3,Pascal,ARIMONT,Belgium,PPE
24922,membership,VERWALTUNGSRAT  INTERESSENGEMEINSCHAFT BÜLLINGEN,0,Pascal,ARIMONT,Belgium,PPE
24922,membership,VORSITZENDER     DES  REGIONALVORSTANDS DER CSP,0,Pascal,ARIMONT,Belgium,PPE
124895,occupation,Marszałek         Województwa  Lubelskiego,3,Krzysztof,HETMAN,Poland,PPE
124895,membership,Zarząd Oddziału Wojewódzkiego  Związku     Ochotniczych  Straży Pożarnych RP w Lublinie,0,Krzysztof,HETMAN,Poland,PPE
96774,occupation,POSEŁ DO PARLAMENTU  EUROPEJSKIEGO,4,Jarosław,WAŁĘSA,Poland,PPE
96774,membership,DYREKTOR             INSTYTUTU  OBYWATELSKIEGO                   W WARSZAWIE,0,Jarosław,WAŁĘSA,Poland,PPE
38596,occupation,Députée au Parlement européen,4,Elisabeth,MORIN-CHARTIER,France,PPE
96838,occupation,Profesor| Universitatea București,2,Cristian Dan,PREDA,Romania,PPE
96838,occupation,Deputat Parlamentul European,4,Cristian Dan,PREDA,Romania,PPE
28220,occupation,MdEP,4,Ingeborg,GRÄSSLE,Germany,PPE
119436,occupation,Europski Parlament,3,Ivana,MALETIĆ,Croatia,PPE
119436,occupation,TIM 4 PIN d.o.o.,2,Ivana,MALETIĆ,Croatia,PPE
119436,occupation,Ministarstvo financija RH,2,Ivana,MALETIĆ,Croatia,PPE
119436,occasional,Pisanje| predavanje| davanje stručnih  savjeta,1,Ivana,MALETIĆ,Croatia,PPE
118859,occupation,Lawyer - Government of Malta,2,Roberta,METSOLA,Malta,PPE
118859,occupation,Legal Advisor - EEAS,2,Roberta,METSOLA,Malta,PPE
118859,occupation,Member of European Parliament,3,Roberta,METSOLA,Malta,PPE
124732,occupation,Présidente de Légume de France jusqu'en  décembre 2012,2,Angélique,DELAHAYE,France,PPE
124732,occupation,Présidente APRIFEL depuis septembre  2012,1,Angélique,DELAHAYE,France,PPE
124732,activity,Directeur Général de la SAS DELAHAYE  MARAICHER,2,Angélique,DELAHAYE,France,PPE
124732,membership,SOPEXA (sans rémunération),-1,Angélique,DELAHAYE,France,PPE
95074,occupation,Geaccrediteerd        medewerker  Europees Parlement,3,Jeroen,LENAERS,Netherlands,PPE
95074,membership,Stichting     Thuis-in-Limburg     -  Voorzitter,0,Jeroen,LENAERS,Netherlands,PPE
95074,membership,European Charity Fund - Bestuurslid,0,Jeroen,LENAERS,Netherlands,PPE
124749,occupation,Zastupnica u Hrvatskom saboru,3,Marijana,PETIR,Croatia,PPE
124749,occupation,Prava koja proizlaze iz  zastupničke dužnosti Hrvats saboru,3,Marijana,PETIR,Croatia,PPE
124749,occupation,Voditeljica           projekata  PRESSCUT,2,Marijana,PETIR,Croatia,PPE
124749,occupation,Vanjska članica Odbora za  ljudska prava i prava naciona manjina Hrvatskog sabora,1,Marijana,PETIR,Croatia,PPE
124749,occupation,Vijećnica u Skupštini Sisačko-  moslavačke županije,0,Marijana,PETIR,Croatia,PPE
124749,occupation,Voditeljica Ureda za promicanje  socijalnog nauka Crkve Sisačke biskupije,0,Marijana,PETIR,Croatia,PPE
72779,occupation,Ministre       du     gouvernement                                                                       10000 français,5,Nadine,MORANO,France,PPE
72779,occupation,Dirigeante d''entreprise,3,Nadine,MORANO,France,PPE
72779,membership,Présidente du Rassemblement Pour le  Peuple de France,0,Nadine,MORANO,France,PPE
96885,occupation,Parlement Européen,4,Dominique,RIQUET,France,ALDE
96885,occupation,Conseiller municipal Ville de  Valenciennes,0,Dominique,RIQUET,France,ALDE
96885,occupation,CA Réseau Villes et Villages  Numériques,0,Dominique,RIQUET,France,ALDE
96885,membership,CA Association (1901) Réseau Villes  et Villages Numériques,0,Dominique,RIQUET,France,ALDE
96885,membership,Conseiller municipal Ville          de  Valenciennes (sans delegation),0,Dominique,RIQUET,France,ALDE
124733,occupation,Professora,3,Sofia,RIBEIRO,Portugal,PPE
124740,occupation,Commissaire-Priseur,4,Joëlle,BERGERON,France,EFDD
124740,occupation,Gérante de société,3,Joëlle,BERGERON,France,EFDD
124740,activity,Commissaire-Priseur,4,Joëlle,BERGERON,France,EFDD
124740,activity,Gérante de société (cette activité cessera le  14 juillet 2017). Cause: vente de l'entreprise,3,Joëlle,BERGERON,France,EFDD
124773,occupation,Sénateur,4,Jean,ARTHUIS,France,ALDE
124773,occupation,Président du Conseil général de  la Mayenne,3,Jean,ARTHUIS,France,ALDE
124773,activity,Exploitant agricole (Mon exploitation est  déficitaire. Elle n'a généré des revenus qu'e 2007).,1,Jean,ARTHUIS,France,ALDE
124773,occasional,Droits d'auteur,1,Jean,ARTHUIS,France,ALDE
124773,membership,PRÉSIDENT DU CONSEIL  DE SURVEILLANCE DU CENTR HOSPITALIER DU HAUT-ANJO (CHÂTEAU-GONTIER),0,Jean,ARTHUIS,France,ALDE
124773,membership,SCI CÉDIVA 6BIS CHÂTEAU-  GONTIER,0,Jean,ARTHUIS,France,ALDE
28226,occupation,Mitglied des Europäischen  Parlaments (2004-2014),4,Christian,EHLER,Germany,PPE
28226,membership,Vorstandsmitglied des Literatur-  festivals LIT:POTS e.V.,0,Christian,EHLER,Germany,PPE
28226,membership,Mitglied der Atlantik-Brücke e.V.,0,Christian,EHLER,Germany,PPE
28226,membership,Mitglied    des    politischen  Patenschaftsprogramms für kubanische Häftlinge der IGFM,0,Christian,EHLER,Germany,PPE
28226,membership,Assistierendes    Mitglied    des  Cybersicherheitsrats Deutschland e.V.,0,Christian,EHLER,Germany,PPE
28226,membership,Beiratsmitglied des Freundeskreises  Schloss Wiepersdorf - Bettina und Achim von Arnim - Museum e.V.,0,Christian,EHLER,Germany,PPE
28226,membership,Mitglied der Jerusalem Foundation|  München,0,Christian,EHLER,Germany,PPE
28178,occupation,Ambassador of Slovakia to  Canada| end Sept. 2002,3,Miroslav,MIKOLÁŠIK,Slovakia,PPE
28178,occupation,Family doctor practice| 2002-  April 2004,2,Miroslav,MIKOLÁŠIK,Slovakia,PPE
28178,occupation,Member of the European  Parliament 2004-2014,4,Miroslav,MIKOLÁŠIK,Slovakia,PPE
124903,occupation,Indywidualna         działalność                                                                     10000 gospodarcza,5,Bogdan Brunon,WENTA,Poland,PPE
124903,activity,Renta sportowa za zdobycie medalu  olimpijskiego (1000|00),2,Bogdan Brunon,WENTA,Poland,PPE
124903,activity,Umowa o pracę i umowy zlecenia  (5000|00),3,Bogdan Brunon,WENTA,Poland,PPE
124903,membership,STOWARZYSZENIE             PROJEKT  ŚWIĘTOKRZYSKIE,0,Bogdan Brunon,WENTA,Poland,PPE
1917,occupation,Mitglied des Europäischen Parlaments,3,Markus,FERBER,Germany,PPE
1917,activity,Berätungstätigkeit für K&S Consultants  AG,2,Markus,FERBER,Germany,PPE
1917,membership,Sparkassenverband Bayern (Beirat für  sparkassenpolitische Grundsatzfragen),1,Markus,FERBER,Germany,PPE
1917,membership,Verwaltungsrat      der      Kreissparkasse Augsburg,-1,Markus,FERBER,Germany,PPE
124850,occupation,Народен представител в 41-то Народно  събрание на Република България /07.2009г - 03.2013г./,2,Emil,RADEV,Bulgaria,PPE
124850,occupation,Народен представител в 42-то народно  събрание на Република България /05.2013г - 06.2014г./,2,Emil,RADEV,Bulgaria,PPE
124850,occupation,Адвокат при АК-Варна,2,Emil,RADEV,Bulgaria,PPE
124850,occupation,"Инвест консултинг 2002"" АД",2,Emil,RADEV,Bulgaria,PPE
124850,occupation,"Сиеко"" ООД",-1,Emil,RADEV,Bulgaria,PPE
124850,activity,1. Адвокат в АК-Варна,2,Emil,RADEV,Bulgaria,PPE
96775,occupation,Deputato presso il Parlamento  europeo,4,Lara,COMI,Italy,PPE
96775,activity,Attività professionale. Tipo di attività:  749099,1,Lara,COMI,Italy,PPE
28400,occupation,Diputado al Parlamento Europeo,4,Francisco José,MILLÁN MON,Spain,PPE
28400,membership,Miembro del Comité Ejecutivo  Nacional del Partido Popular,0,Francisco José,MILLÁN MON,Spain,PPE
124889,occupation,Poseł na Sejm RP,3,Agnieszka,KOZŁOWSKA-RAJEWICZ,Poland,PPE
124889,occupation,Sekretarz Stanu w Kancelarii  Premiera RP,3,Agnieszka,KOZŁOWSKA-RAJEWICZ,Poland,PPE
124889,activity,wykłady uniwersyteckie,1,Agnieszka,KOZŁOWSKA-RAJEWICZ,Poland,PPE
2025,occupation,Parlementaire européenne (7e  législature),4,Françoise,GROSSETÊTE,France,PPE
28229,occupation,Mitglied     des    Europäischen  Parlaments,4,Manfred,WEBER,Germany,PPE
28229,occupation,Geschäftsführer DG Beratung  GmbH,3,Manfred,WEBER,Germany,PPE
28229,membership,Stellvertretender Parteivorsitzender  der Christlich-Sozialen Union in Bayern e.V.,0,Manfred,WEBER,Germany,PPE
124730,occupation,Presidente da Câmara Municipal  de Viseu,3,Fernando,RUAS,Portugal,PPE
124730,occupation,Presidente da           Associação  Nacional    dos            Municípios Portugueses,0,Fernando,RUAS,Portugal,PPE
96772,occupation,Europaabgeordneter,4,Peter,JAHR,Germany,PPE
96772,occupation,Landwirtschaftsbetrieb Jahr,1,Peter,JAHR,Germany,PPE
96772,activity,Landwirtschaftliches Unternehmen,2,Peter,JAHR,Germany,PPE
96772,membership,Vereinsvorsitzender Evangelischer  Schulverein Lunzenau|,0,Peter,JAHR,Germany,PPE
96772,membership,Vereinsvorsitzender "friends of Iowa""",0,Peter,JAHR,Germany,PPE
96772,holding,1.Gesellschafter              X EPH GbR,-1,Peter,JAHR,Germany,PPE
96772,holding,2.Gesellschafter              X Agrar    GmbH Taura,-1,Peter,JAHR,Germany,PPE
96772,holding,3.Gesellschafter              X Agrar      GbR Taura,-1,Peter,JAHR,Germany,PPE
28399,occupation,Diputado al Parlamento Europeo,4,Antonio,LÓPEZ-ISTÚRIZ WHITE,Spain,PPE
28399,occupation,Secretario General del Partido  Popular Europeo (PPE),4,Antonio,LÓPEZ-ISTÚRIZ WHITE,Spain,PPE
28399,occupation,Secretario Ejecutivo de la  Internacional Demócrata de Cen (IDC-CDI),0,Antonio,LÓPEZ-ISTÚRIZ WHITE,Spain,PPE
28399,occupation,Secretario Tesorero del Wilfried  Martens Centre for European Studies (WMCES),0,Antonio,LÓPEZ-ISTÚRIZ WHITE,Spain,PPE
28399,occupation,Miembro del Comité Ejecutivo  Nacional del Partido Popular (PP,0,Antonio,LÓPEZ-ISTÚRIZ WHITE,Spain,PPE
28399,occupation,Patrono de la Fundación de  ayuda jurídica al discapacitad "AEQUITAS""",0,Antonio,LÓPEZ-ISTÚRIZ WHITE,Spain,PPE
28399,occupation,Patrono de la fundación de  Ayuda a Niños y Adolescentes e Riesgo "ANAR""",0,Antonio,LÓPEZ-ISTÚRIZ WHITE,Spain,PPE
28399,membership,Secretario General del Partido  Popular Europeo (PPE),4,Antonio,LÓPEZ-ISTÚRIZ WHITE,Spain,PPE
28399,membership,Secretario Ejecutivo de la  Internacional Demócrata de Cen (IDC-CDI),0,Antonio,LÓPEZ-ISTÚRIZ WHITE,Spain,PPE
28399,membership,Secretario Tesorero del Wilfried  Martens Centre for European Studies (WMCES),0,Antonio,LÓPEZ-ISTÚRIZ WHITE,Spain,PPE
28399,membership,Miembro del Comité Ejecutivo  Nacional del Partido Popular (PP,0,Antonio,LÓPEZ-ISTÚRIZ WHITE,Spain,PPE
28399,membership,Patrono de la Fundación de ayuda  juridica al discapacitado "AEQUITAS""",0,Antonio,LÓPEZ-ISTÚRIZ WHITE,Spain,PPE
28399,membership,Patrono de la Fundación de Ayuda  a Niños y Adolescentes en Riesgo "ANAR""",0,Antonio,LÓPEZ-ISTÚRIZ WHITE,Spain,PPE
28399,membership,Patrono de la Fundación Bussola,0,Antonio,LÓPEZ-ISTÚRIZ WHITE,Spain,PPE
125063,occupation,Εκδότης| δημοσιογράφος| μισθωτός,2,Georgios,KYRTSOS,Greece,PPE
125063,occupation,Συνταξιούχος δημοσιογράφος από το 2013,2,Georgios,KYRTSOS,Greece,PPE
125063,membership,Μέλος Δ.Σ. εκδοτικής επιχείρησης FREE SUNDAY ΑΕ,-1,Georgios,KYRTSOS,Greece,PPE
111027,occupation,Член на ЕП (XII.2011-2014),3,Svetoslav Hristov,MALINOV,Bulgaria,PPE
111027,occupation,Преподавател в СУ (до 2012),1,Svetoslav Hristov,MALINOV,Bulgaria,PPE
111027,activity,Писателска,-1,Svetoslav Hristov,MALINOV,Bulgaria,PPE
111027,activity,Преводаческа,-1,Svetoslav Hristov,MALINOV,Bulgaria,PPE
111027,activity,Издателска,-1,Svetoslav Hristov,MALINOV,Bulgaria,PPE
111027,activity,Изнасяне на публични лекции,-1,Svetoslav Hristov,MALINOV,Bulgaria,PPE
111027,activity,Предоставяне на експертни услуги,-1,Svetoslav Hristov,MALINOV,Bulgaria,PPE
111027,membership,Главен редактор на сп. "Разум""",-1,Svetoslav Hristov,MALINOV,Bulgaria,PPE
111027,membership,Зам-предедател на ПП ДСБ,-1,Svetoslav Hristov,MALINOV,Bulgaria,PPE
96272,occupation,VŠ pedagog,2,Pavel,SVOBODA,Czech Republic,PPE
96272,activity,VŠ pedagog,1,Pavel,SVOBODA,Czech Republic,PPE
96272,membership,Nadační fond Arnošta z Pardubic,0,Pavel,SVOBODA,Czech Republic,PPE
96272,membership,Společnost pro duchovní hudbu,0,Pavel,SVOBODA,Czech Republic,PPE
96272,membership,Rada Arcidiecézní charity Praha,0,Pavel,SVOBODA,Czech Republic,PPE
96272,membership,Předseda Výkonné rady ERA,0,Pavel,SVOBODA,Czech Republic,PPE
96780,occupation,Mitglied    des     Europäischen  Parlaments,4,Monika,HOHLMEIER,Germany,PPE
96780,occupation,Stellvertretende Vorsitzende des  Stiftungsrats der Marianne Strauß Stiftung,0,Monika,HOHLMEIER,Germany,PPE
96780,occupation,Mitglied im Vorstand des Vereins  zur Förderung der Marianne Strauß Stiftung,0,Monika,HOHLMEIER,Germany,PPE
96780,occupation,Vorsitzende des Vorstands der  Josef und Luise Kraft Stiftung fü Multiple-Sklerose-Erkrankte,0,Monika,HOHLMEIER,Germany,PPE
96780,occupation,Vorsitzende des Vereins der  Freunde des Klosters Waldsassen,0,Monika,HOHLMEIER,Germany,PPE
96780,occupation,Mitglied des Stiftungsrats des  Kultur- und Bewegungszentrums des Klosters Waldsassen,0,Monika,HOHLMEIER,Germany,PPE
96780,occupation,Vorsitzende         des   Vereins  Bürgertreff,0,Monika,HOHLMEIER,Germany,PPE
96780,occupation,Mitglied des Bundeskuratoriums  Christliches Jugenddorfwerk e.V.,0,Monika,HOHLMEIER,Germany,PPE
96780,occupation,Mitglied des Stiftungsrates der  Nathalie Todenhöfer Stiftung,0,Monika,HOHLMEIER,Germany,PPE
96780,occupation,Mitglied im Kuratorium der  GESA,0,Monika,HOHLMEIER,Germany,PPE
96780,occupation,Mitglied des Aufsichtsrats der  BayWa AG,3,Monika,HOHLMEIER,Germany,PPE
96780,occupation,Kreisvorsitzende der Europa-  Union| KV Lichtenfels,0,Monika,HOHLMEIER,Germany,PPE
96780,membership,Stellvertretende Vorsitzende des  Stiftungsrats der Marianne Strauß Stiftung,0,Monika,HOHLMEIER,Germany,PPE
96780,membership,Mitglied des Stiftungsrates der  Nathalie Todenhöfer Stiftung,0,Monika,HOHLMEIER,Germany,PPE
96780,membership,Vorsitzende des Vorstands der Josef  und Luise Kraft Stiftung für Multiple- Sklerose-Erkrankte,0,Monika,HOHLMEIER,Germany,PPE
96780,membership,Vorsitzende des Vereins der Freunde  des Klosters Waldsassen,0,Monika,HOHLMEIER,Germany,PPE
96780,membership,Mitglied des Stiftungsrats des Kultur-  und Bewegungszentrums des Klosters Waldsassen,0,Monika,HOHLMEIER,Germany,PPE
96780,membership,Vorsitzende des Vereins Bürgertreff,0,Monika,HOHLMEIER,Germany,PPE
96780,membership,Mitglied des Bundeskuratoriums  Christliches Jugenddorfwerk e.V.,0,Monika,HOHLMEIER,Germany,PPE
96780,membership,Mitglied im Kuratorium der GESA,0,Monika,HOHLMEIER,Germany,PPE
96780,membership,Mitglied des Kreistags            des  Landkreises Lichtenfels,1,Monika,HOHLMEIER,Germany,PPE
96780,membership,Kreisvorsitzende der Europa-Union|  KV Lichtenfels,0,Monika,HOHLMEIER,Germany,PPE
96780,membership,Mitglied des Aufsichtsrats der  BayWa AG,3,Monika,HOHLMEIER,Germany,PPE
96780,membership,Mitglied des Bezirksvorstandes der  CSU Oberfranken,0,Monika,HOHLMEIER,Germany,PPE
96780,membership,Mitglied des Parteivorstandes der  CSU Bayern,0,Monika,HOHLMEIER,Germany,PPE
96811,occupation,Diputada al Parlamento Europeo,4,Rosa,ESTARÀS FERRAGUT,Spain,PPE
125670,occupation,FABER SRL DIRIGENTE,0,Massimiliano,SALINI,Italy,PPE
125670,occupation,PRESIDENTE PROVINCIA DI  CREMONA,4,Massimiliano,SALINI,Italy,PPE
125670,membership,PRESIDENTE SMEA,0,Massimiliano,SALINI,Italy,PPE
125670,membership,CDA CREMONA FIERE,0,Massimiliano,SALINI,Italy,PPE
125670,membership,CDA AUTOCISA SPA,0,Massimiliano,SALINI,Italy,PPE
125670,membership,COMITATO      FONDO  IMMOBILIARE ERIDANO,0,Massimiliano,SALINI,Italy,PPE
124728,occupation,Maire,3,Marc,JOULAUD,France,PPE
124728,occupation,Président        communauté         de  communes,3,Marc,JOULAUD,France,PPE
124728,occupation,Assistant parlementaire,3,Marc,JOULAUD,France,PPE
39724,occupation,Európai parlamenti képviselő,3,Csaba,SÓGOR,Romania,PPE
125103,occupation,Poslanka DZ RS,3,Patricija,ŠULIN,Slovenia,PPE
125103,occupation,Višja davčna inšpektorica MF-  DURS,3,Patricija,ŠULIN,Slovenia,PPE
125103,occupation,Mestna svetnica Mestne občine  N. Gorica (200 Evrov),1,Patricija,ŠULIN,Slovenia,PPE
96651,occupation,Poslanec          Európskeho  parlamentu,4,Eduard,KUKAN,Slovakia,PPE
97968,occupation,Член на ЕП,4,Andrey,KOVATCHEV,Bulgaria,PPE
97968,membership,ЗАМЕСТНИК-ПРЕДСЕДАТЕЛ  НА СЪЮЗ НА ЕВРОПЕЙСКИТЕ ФЕДЕРАЛИСТИ,0,Andrey,KOVATCHEV,Bulgaria,PPE
97968,membership,ЧЛЕН НА УПРАВИТЕЛНИЯ  СЪВЕТ НА ПАКТ (ЕВРОПЕЙСК ПАРТНЬОРСТВО ЗА ДОСТЪП Д КАЧЕСТВЕНИ ЗДРАВНИ ГРИЖИ,0,Andrey,KOVATCHEV,Bulgaria,PPE
97968,membership,ПРЕЗИДЕНТ    НА   GCE  (КОНСУЛТАТИВНА ЕВРОПЕЙСКА ГРУПА КЪМ ЕВРОПЕЙСКИТЕ ГРАДОВЕ   И  СТОЛИЦИ   НА СПОРТА),0,Andrey,KOVATCHEV,Bulgaria,PPE
125006,occupation,Director General Relaciones  Exteriores   Generalitat    de Catalunya,3,Francesc,GAMBÚS,Spain,PPE
125006,occupation,Directeur Fundación INEHCA,0,Francesc,GAMBÚS,Spain,PPE
125006,occupation,Jefe de Gabinete de la  Vicepresidenta del Govern  Generalitat de Catalunya,3,Francesc,GAMBÚS,Spain,PPE
125006,membership,Consell    Català      del   Moviment  Europeu,0,Francesc,GAMBÚS,Spain,PPE
38601,occupation,1. Член на Европейския  Парламент /2009-2014/,3,Vladimir,URUTCHEV,Bulgaria,PPE
38601,occupation,2. Член на Борда на  Директорите на АЕЦ "Коз ЕАД| от 05.2012 - 04.20 възнаграждение)",0,Vladimir,URUTCHEV,Bulgaria,PPE
38601,occupation,3. Член на Управителния  съвет на държавно предприят "Радиоактивни отпадъци"" от 06.2012    -    04.2013  (б възнаграждение)",0,Vladimir,URUTCHEV,Bulgaria,PPE
38601,occupation,4.   Член     на    Борда  на   Директорите     на   ЕЕФ (Европейски           Енергиен Форум)       /2009-/       (без възнаграждение),0,Vladimir,URUTCHEV,Bulgaria,PPE
38601,membership,1. Член на Борда на директорите на  ЕЕФ (Европейски Енергиен Форум) - /2009-/ (без възнаграждение),0,Vladimir,URUTCHEV,Bulgaria,PPE
125004,occupation,župan občine Krško,3,Franc,BOGOVIČ,Slovenia,PPE
125004,occupation,Poslanec DZ RS,3,Franc,BOGOVIČ,Slovenia,PPE
125004,occupation,Minister v 10 vladi RS,3,Franc,BOGOVIČ,Slovenia,PPE
28206,occupation,Député européen,4,Jean-Marie,CAVADA,France,ALDE
28206,membership,Mouvement européen Français 2011  à 2016,0,Jean-Marie,CAVADA,France,ALDE
28206,membership,Association    de      financement  génération Citoyens,0,Jean-Marie,CAVADA,France,ALDE
28206,membership,"Génération Citoyens""",0,Jean-Marie,CAVADA,France,ALDE
28206,holding,SKM Productions (10        %)    - DéfiscalisationX,-1,Jean-Marie,CAVADA,France,ALDE
28206,holding,Media Capital - DéfiscalisationX,-1,Jean-Marie,CAVADA,France,ALDE
125032,occupation,PRESIDENTE DE LA REGIÓN  DE MURCIA,4,Ramón Luis,VALCÁRCEL SISO,Spain,PPE
125032,occupation,DIPUTADO A LA ASAMBLEA  REGIÓN DE MURCIA,2,Ramón Luis,VALCÁRCEL SISO,Spain,PPE
125032,occupation,PRESIDENTE      DEL  COMITÉ DE LAS REGIONES (ÚNICAMENTE    DIETAS   - NINGUNA REMUNERACIÓN),0,Ramón Luis,VALCÁRCEL SISO,Spain,PPE
125032,occupation,VICE PRESIDENTE DEL  COMITÉ DE LAS REGIONES (ÚNICAMENTE   DIETAS  - NINGUNA REMUNERACIÓN),0,Ramón Luis,VALCÁRCEL SISO,Spain,PPE
125032,occupation,PRESIDENTE DEL PARTIDO  POPULAR     DE     MURCIA (ÚNICAMENTE     DIETAS   - NINGUNA REMUNERACIÓN),0,Ramón Luis,VALCÁRCEL SISO,Spain,PPE
125032,membership,PRESIDENTE DE HONOR DEL  PARTIDO POPULAR DE MURCIA (SIN NINGUNA REMUNERACIÓN NI DIETAS),0,Ramón Luis,VALCÁRCEL SISO,Spain,PPE
96899,occupation,Deputado         ao     Parlamento  Europeu,4,José Manuel,FERNANDES,Portugal,PPE
96899,membership,Presidente da Mesa da Assembleia  Geral do Sporting Clube de Braga,0,José Manuel,FERNANDES,Portugal,PPE
96899,membership,Membro do Conselho Geral do  Instituto Politécnico do Cavado,0,José Manuel,FERNANDES,Portugal,PPE
96899,membership,Presidente da Comissão Política  Distrital do PSD de Braga,0,José Manuel,FERNANDES,Portugal,PPE
28398,occupation,MEP,3,Carlos,ITURGAIZ,Spain,PPE
28398,occasional,Columnista en un medio digital,2,Carlos,ITURGAIZ,Spain,PPE
112788,occupation,Oberbürgermeisterin,2,Birgit,COLLIN-LANGEN,Germany,PPE
112788,occupation,Mitglied des EP,4,Birgit,COLLIN-LANGEN,Germany,PPE
124854,occupation,Parlamentare italiano,4,Salvatore,CICU,Italy,PPE
124854,occupation,Avvocato,3,Salvatore,CICU,Italy,PPE
124854,activity,Avvocato,3,Salvatore,CICU,Italy,PPE
124854,membership,"SIAMO                 ITALIANI""  COORDINATORE",0,Salvatore,CICU,Italy,PPE
124714,occupation,Member of the Provincial  Government|          Autonom Province of Vojvodina| Repub Serbia,2,Andor,DELI,Hungary,PPE
124714,membership,Foundation Pannonia,0,Andor,DELI,Hungary,PPE
26837,occupation,Member        of     the    Cyprus  parliament,4,Lefteris,CHRISTOFOROU,Cyprus,PPE
26837,membership,Vice Chairman of the public company  "Demetra""",3,Lefteris,CHRISTOFOROU,Cyprus,PPE
97296,occupation,Député au PE,4,Michel,DANTIN,France,PPE
97296,membership,VICE PRESIDENT DE CRISTAL  HABITAT (SOCIETE D'ECONOMIE MIXTE DE L'HABITAT SOCIAL),1,Michel,DANTIN,France,PPE
97296,membership,VICE    PRESIDENT DU  CONSEIL DE SURVEILLANCE DE L'HOPITAL DE CHAMBERY- METROPOLE SAVOIE,0,Michel,DANTIN,France,PPE
97296,membership,ADMINISTRATEUR DE LA  SOCIETE FRANCAISE DU TUN FRANCAIS DU FREJUS,0,Michel,DANTIN,France,PPE
97296,membership,PRESIDENT DE LA FONDATION  DU BOCAGE,0,Michel,DANTIN,France,PPE
124807,occupation,Berater des Flughafenverbands  ADV,4,Jens,GIESEKE,Germany,PPE
124807,occupation,Rechtsanwalt Kanzlei Gieseke &  Gieseke,2,Jens,GIESEKE,Germany,PPE
124807,activity,Rechtsanwalt,1,Jens,GIESEKE,Germany,PPE
124807,membership,CDU-Bezirksvorstand Osnabrück-  Emsland,0,Jens,GIESEKE,Germany,PPE
124807,membership,CDU Bezirksvorstand Ostfriesland,0,Jens,GIESEKE,Germany,PPE
124807,holding,GIK GbR,1,Jens,GIESEKE,Germany,PPE
28122,occupation,Member of the European Parliament,3,David,CASA,Malta,PPE
96771,occupation,PARLAMENT EUROPEJSKI,4,Jarosław,KALINOWSKI,Poland,PPE
96771,activity,GOSPODARSTWO ROLNE,3,Jarosław,KALINOWSKI,Poland,PPE
96771,membership,STOWARZYSZENIE PROMNI,0,Jarosław,KALINOWSKI,Poland,PPE
